seed,P1|INT-S,P2|INT-S,P1|INT-T,P2|INT-T,P1|INT-P,P2|INT-P,P1|INT+OUT-S,P2|INT+OUT-S,P1|INT-TP,P2|INT-TP,P1|OUT,P2|OUT,P1|OUT-TP,P2|OUT-TP,P1|INT-S-shuffled,P2|INT-S-shuffled,P1|IN,P2|IN,P1_gen|INT-S,P2_gen|INT-S,P1_noState|INT-S,P2_noState|INT-S,P1_P|INT-S,P2_P|INT-S,P1_delta|INT-S,P2_delta|INT-S,P1_gen|INT-TP,P1_gen|OUT,P1_r2_pre,P1_r2_gen,P1_r2_joint,P2_r2_pre,P2_r2_gen,P2_r2_joint,P1_fingerprint_vs_dC_spearman,K1_pairs,K1_max_smd,K1|INT-S,K1|INT-T,K1|INT-P,K1|INT-TP,K1|OUT,K1,D_nat|INT-S,K2,K3,K4,K4_C+in,F1,F2,F3,thetaB|B->B:INT-S,thetaB|Bal->Bal:INT-S,thetaB|A->Bal:INT-S,thetaB|A->Braw:INT-S,S|INT-S,thetaB|B->B:INT-TP,thetaB|Bal->Bal:INT-TP,thetaB|A->Bal:INT-TP,thetaB|A->Braw:INT-TP,S|INT-TP,interaction_z|P1,interaction_raw|P1,interaction_z|P2,interaction_raw|P2,interaction_dprime|K1,SEC_INTvsOUT_z|P1,SEC_INTvsOUT_z|P2,DESC_old_P1_XlostVsY|INT-S,DESC_old_K1_XlostVsZ|INT-S,DESC_TI_INTERF_matched|INT-S,twin_level_AUROC,natAUROC|INT-S,corrupt_AUROC|INT-S,natAUROC|INT-T,corrupt_AUROC|INT-T,natAUROC|INT-P,corrupt_AUROC|INT-P,natAUROC|INT+OUT-S,corrupt_AUROC|INT+OUT-S,natAUROC|INT-TP,corrupt_AUROC|INT-TP,natAUROC|OUT,corrupt_AUROC|OUT,natAUROC|OUT-TP,corrupt_AUROC|OUT-TP,natAUROC|INT-S-shuffled,corrupt_AUROC|INT-S-shuffled,natAUROC|IN,corrupt_AUROC|IN,EXPL_ACT|INT-S,EXPL_ACT|OUT,EXPL_ACT|INT-TP,EXPL_REPLACE|INT-S,EXPL_REPLACE|OUT,EXPL_REPLACE|INT-TP,lookup_rate_pre|Xlost,lookup_rate_post|Xlost,lookup_rate_pre|Xret,lookup_rate_post|Xret,lookup_rate_pre|Y,lookup_rate_post|Y,lookup_rate_pre|Z,lookup_rate_post|Z,disp_ratio_median
1001,0.1094339899312629,0.10397682287862488,0.1094339899312629,0.10397682287862488,0.1094339899312629,0.10397682287862488,0.1094339899312629,0.10397682287862488,0.1094339899312629,0.10397682287862488,0.9276170930693312,0.9189111660213753,0.9276170930693312,0.9189111660213753,-0.05639275145133192,0.03700160860283831,,,0.11343440083661682,0.10950079555477472,0.4615009539586378,0.44222257905381535,0.1754279701292819,0.1660952369297245,0.41143737525435287,0.38351100786500103,0.11343440083661682,0.9057879595692805,0.15860624724510697,0.19309807111649235,0.34155131428642016,0.19161885891879638,0.25690460528879566,0.43327313574212467,0.10035578173090812,87,0.08240867589633333,0.5980975029726516,0.5980975029726516,0.5980975029726516,0.5980975029726516,0.9874488043334655,0.5980975029726516,0.5948916449413961,-0.003307169446594412,0.0,0.1094339899312629,0.1094339899312629,0.10891635417064718,0.00821980202405587,0.5379537953795379,0.1255402168743326,0.1255402168743326,0.13022015659271355,-0.069990275895495,-0.004757754161202277,0.1255402168743326,0.1255402168743326,0.13460032833185495,0.04570444136162817,-0.009216099350867396,0.0,0.0,0.0,0.0,0.0,-1.5311608272743777,-1.4776299903701018,0.9137651384083045,0.9176746323529412,0.7281333333333333,0.5154087370242214,0.9970741049903445,0.9975347222222222,0.9976141237345719,0.9948263888888889,0.9961736203337235,0.9923611111111111,0.996431160759182,0.9977604166666667,0.9964420427489902,0.9971006944444445,0.9970128937976739,0.9951909722222222,0.997413260339364,0.9987152777777778,0.9968687074327164,0.9985243055555556,0.9967372167225351,0.9983333333333333,0.5144444444444445,0.5045070422535212,0.49125195618153367,0.4705,0.5463777777777777,0.5208,0.3088235294117647,0.75,0.2926829268292683,0.4878048780487805,0.2833333333333333,0.29,0.2675,0.28125,0.9683741172174966
1002,0.19590105919713452,0.07045618434308684,0.19590105919713452,0.07045618434308684,0.19590105919713452,0.07045618434308684,0.19590105919713452,0.07045618434308684,0.19590105919713452,0.07045618434308684,0.8885623740968623,0.9096947444874413,0.8885623740968623,0.9096947444874413,-0.09326394269433491,-0.03841962366696763,,,0.2104184288654686,0.08859111240718799,0.5194896654582271,0.4384772129850887,0.2987974256272001,0.1198198199137439,0.4381465586394233,0.4029224718743085,0.2104184288654686,0.8589114672743879,0.1693990079773927,0.13680291037589454,0.3510009851353665,0.19683054016939538,0.2344783151041403,0.4260949007505199,-0.00929788108756764,93,0.0753778359683046,0.6115157821713493,0.6115157821713493,0.6115157821713493,0.6115157821713493,0.967741935483871,0.6115157821713493,0.605282603223853,-0.0019752983720011104,0.0,0.19590105919713452,0.19590105919713452,0.1209012059100391,0.0028258759890749155,0.48741666666666666,0.16591843279004795,0.16591843279004795,0.17655770832295276,0.11740620993229256,-0.010960788896926366,0.16591843279004795,0.16591843279004795,0.13855461060415206,-0.005141548289788954,0.028015011032591214,0.0,0.0,0.0,0.0,0.0,-1.2165866310992692,-1.4551783986070284,0.942594020041381,0.9481449044585988,0.7308888888888889,0.5054566108158546,0.997760895389195,0.99796875,0.9968960226229421,0.9964930555555556,0.9973183079172627,0.9957118055555556,0.9975010275157669,0.9984201388888889,0.9970097148175668,0.9991840277777778,0.9977875137998413,0.9978125,0.9968170697100082,0.9965798611111111,0.9971022025155751,0.9969791666666666,0.9976756262432264,0.9985763888888889,0.5604102564102564,0.47239316239316237,0.5424273504273505,0.4971888888888889,0.5105,0.5311444444444444,0.3503184713375796,0.8152866242038217,0.20279720279720279,0.4755244755244755,0.23333333333333334,0.25666666666666665,0.31125,0.31375,0.9886058482953994
1004,0.12895371881581616,0.042961615808530036,0.12895371881581616,0.042961615808530036,0.12895371881581616,0.042961615808530036,0.12895371881581616,0.042961615808530036,0.12895371881581616,0.042961615808530036,0.9157453425909364,0.9070411720616045,0.9157453425909364,0.9070411720616045,-0.06707043187425162,-0.009217645159827002,,,0.10235981718806018,0.09869127425928552,0.41909151699755925,0.378491601333896,0.14798568751021898,0.1440659783958861,0.3796506097458954,0.33087600711427484,0.10235981718806018,0.8584327068631747,0.13770484023882368,0.22100263976905132,0.38194276448240283,0.147376050393504,0.22933729236110634,0.40306199221296257,0.0030582562028466983,95,0.07130740312021226,0.5368421052631579,0.5368421052631579,0.5368421052631579,0.5368421052631579,0.9408310249307479,0.5368421052631579,0.5981945177823449,0.0002800050645861395,0.0,0.12895371881581616,0.12895371881581616,0.04876647943640584,0.007110374662049341,0.4739057239057239,0.11466312300765297,0.11466312300765297,0.1303202806497538,0.1531234114676529,-0.015896009347175694,0.11466312300765297,0.11466312300765297,0.12951094109018596,-0.004022147911561437,-0.015072775138317507,0.0,0.0,0.0,0.0,0.0,-1.4323333655522927,-1.467587678729445,0.9083111111111111,0.90715,0.7030666666666666,0.4764,0.997897888433659,0.9947048611111111,0.9979298545765611,0.9964930555555556,0.997292782855342,0.9958333333333333,0.9969582639232812,0.9975868055555556,0.996254108324704,0.9982638888888888,0.9969519607401738,0.9953125,0.996886677772275,0.99625,0.9974958353968755,0.9971701388888888,0.9962270946828148,0.9972395833333333,0.5278211009174312,0.5201529051987768,0.5240825688073395,0.48885555555555554,0.4835111111111111,0.4909777777777778,0.3466666666666667,0.7266666666666667,0.22666666666666666,0.49333333333333335,0.2633333333333333,0.2833333333333333,0.3075,0.3125,0.9992335886605681
1005,0.07994466602278039,0.16348331701269564,0.07994466602278039,0.16348331701269564,0.07994466602278039,0.16348331701269564,0.07994466602278039,0.16348331701269564,0.07994466602278039,0.16348331701269564,0.880734641090959,0.9133590962981148,0.880734641090959,0.9133590962981148,0.030834880467082475,-0.030456358741205294,,,0.1257867335123139,0.16396020165550224,0.44367949689918856,0.49423962275299294,0.15458385792182117,0.20267989843926187,0.40232348628793396,0.4422758907138785,0.1257867335123139,0.8367229497659485,0.17941626448752745,0.1993804518805723,0.3891755288231957,0.22502608103515975,0.18966995177432378,0.4140293624160337,0.07706885632062577,80,0.15161960834796456,,,,,,,0.5960121556543572,0.0033309880853631983,0.0,0.07994466602278039,0.07994466602278039,0.26490658467774814,0.003590306227755607,0.5962264150943396,0.04522863115768896,0.04522863115768896,0.04956535912361195,-0.02529613643279625,-0.004346499141713686,0.04522863115768896,0.04522863115768896,0.04010163897274314,-0.015778014600714804,0.0051363532927656205,0.0,0.0,0.0,0.0,,-1.2989177794473394,-1.3824582261755771,0.9371624228395061,0.9339756944444444,0.7419555555555556,0.5382426697530864,0.9972559072231892,0.9973263888888889,0.9976507954112472,0.9974131944444444,0.9969643250050535,0.9968402777777777,0.9967103085941623,0.99734375,0.9968896406025556,0.9959548611111111,0.997156178949195,0.9971006944444445,0.9978913954624082,0.9979166666666667,0.9974213756598613,0.9964756944444444,0.9978417549314066,0.9982291666666666,0.5090895061728395,0.515787037037037,0.4625617283950617,0.4957888888888889,0.4897222222222222,0.45424444444444445,0.3263888888888889,0.7708333333333334,0.19230769230769232,0.46794871794871795,0.2866666666666667,0.2633333333333333,0.28625,0.29625,0.9745332388465371
1006,0.10464312870379992,0.041197911562687727,0.10464312870379992,0.041197911562687727,0.10464312870379992,0.041197911562687727,0.10464312870379992,0.041197911562687727,0.10464312870379992,0.041197911562687727,0.9158029135249969,0.9127118837674321,0.9158029135249969,0.9127118837674321,-0.09887778056032163,0.02824247579650512,,,0.08767649304449336,0.08051577197144916,0.4461531819771713,0.4184681880905275,0.10985664272139385,0.08382835777326035,0.4171465689934918,0.3816511608801289,0.08767649304449336,0.868490845903684,0.18631319245215072,0.20620346272479562,0.3775848964813391,0.20188498706861424,0.2450755585333022,0.43087951521443957,0.10597139968221868,78,0.11791166814732737,,,,,,,0.5993885971398482,-0.00467879493506273,0.0,0.10464312870379992,0.10464312870379992,0.09726639574309089,-0.0006851470175512275,0.5004045307443366,0.1024394880700369,0.1024394880700369,0.11084567873335029,-0.029135979542958986,-0.008502943964294588,0.1024394880700369,0.1024394880700369,0.07580633184591933,0.007149252386669046,0.02684804528758239,0.0,0.0,0.0,0.0,,-1.4573382739292786,-1.5023102669639006,0.9110618512110726,0.919889705882353,0.7123111111111111,0.4898897058823529,0.9974976200190399,0.9961284722222222,0.9980402556779546,0.9981944444444445,0.9957042476993517,0.9982986111111111,0.997270955165692,0.9973784722222222,0.9973507411940704,0.9995138888888889,0.9978734303458906,0.9972916666666667,0.9973997008023936,0.9960416666666667,0.9972369554376899,0.9984548611111111,0.998032095743234,0.9979340277777777,0.5346696035242291,0.48415565345080763,0.4536417033773862,0.4863,0.5009555555555556,0.4886888888888889,0.3161764705882353,0.7352941176470589,0.2073170731707317,0.36585365853658536,0.32,0.3233333333333333,0.28125,0.275,1.005408382475264
1007,0.11794467771910953,0.06060705543169989,0.11794467771910953,0.06060705543169989,0.11794467771910953,0.06060705543169989,0.11794467771910953,0.06060705543169989,0.11794467771910953,0.06060705543169989,0.9179086491332298,0.9084818499392635,0.9179086491332298,0.9084818499392635,0.06877161135786863,0.041265910581966186,,,0.060384390365194024,0.12873496037636292,0.43726871911728077,0.40957854106529784,0.201591583723192,0.10843063232633329,0.40339732313372995,0.37176543714548543,0.060384390365194024,0.8547284379550526,0.15152646666802394,0.25271962164577855,0.3562974375455996,0.18719618224347145,0.27957221153394307,0.43913214494186337,0.004356492849920554,94,0.12001685026137524,,,,,,,0.5917799983556373,-0.002776954290673861,0.0,0.11794467771910953,0.11794467771910953,0.0038908219805251364,-0.00015919716977522892,0.586764705882353,0.03206708683257072,0.03206708683257072,0.02608087810095554,0.09676457719834688,0.005991291100681591,0.03206708683257072,0.03206708683257072,0.005098049284260758,-0.03201711637682642,0.026979991675556998,0.0,0.0,0.0,0.0,,-1.457082786225855,-1.4580815970505008,0.9206994156318481,0.9260895270270271,0.6823555555555556,0.5303140978816655,0.9968971745552021,0.9976909722222222,0.9972538003501993,0.9983506944444445,0.9962445674531895,0.9966319444444445,0.9969207082371054,0.9974652777777778,0.9982576023975391,0.9980555555555556,0.9963133582156762,0.9993576388888888,0.9974773703282813,0.9982986111111111,0.9981575842494498,0.9966319444444445,0.9970890645768757,0.9951736111111111,0.4752063492063492,0.5062698412698413,0.4610952380952381,0.4874,0.5213111111111111,0.4875111111111111,0.32432432432432434,0.7364864864864865,0.2236842105263158,0.506578947368421,0.3,0.30666666666666664,0.30125,0.29375,1.0111039566811333
1008,0.06992313879616519,0.0908973909927891,0.06992313879616519,0.0908973909927891,0.06992313879616519,0.0908973909927891,0.06992313879616519,0.0908973909927891,0.06992313879616519,0.0908973909927891,0.91048385848387,0.9112752176631455,0.91048385848387,0.9112752176631455,0.019031945269915994,-0.022375332486073003,,,0.12668170156647846,0.0920827224652745,0.4461066536838801,0.4195089107429061,0.14247540475629997,0.12431719736209311,0.4253858999327034,0.3947100832453491,0.12668170156647846,0.8034981366943843,0.17874978794452012,0.2512255731025139,0.4761046886117227,0.17149033103443978,0.23254850883790068,0.39095076868036693,0.10363137368192979,92,0.1266939789063956,,,,,,,0.6109093102847781,0.004894409251758268,0.0,0.06992313879616519,0.06992313879616519,0.15472692425052018,-0.001146368718320099,0.5058252427184466,0.09881365456115283,0.09881365456115283,0.06891724859864451,-0.02045405422905134,0.0301104919282065,0.09881365456115283,0.09881365456115283,0.09894730609113662,-0.009425390582844903,-0.00013497119068145436,0.0,0.0,0.0,0.0,,-1.4603089970327652,-1.4438443721010634,0.9320653431440603,0.9263180272108843,0.7103555555555555,0.4747096117358508,0.9982232504857422,0.996875,0.9975237817136311,0.9981076388888889,0.9972978133177597,0.9994791666666667,0.995865631914105,0.9991666666666666,0.9969900829973383,0.9975173611111111,0.9971095811947573,0.9985416666666667,0.997097451678478,0.9970659722222223,0.9968899021776975,0.9977083333333333,0.9976783207358573,0.9961111111111111,0.483006230529595,0.5000467289719626,0.540809968847352,0.5291444444444444,0.49204444444444445,0.5068333333333334,0.3401360544217687,0.7959183673469388,0.24836601307189543,0.49019607843137253,0.29333333333333333,0.31333333333333335,0.29625,0.315,0.9615443624386529
1009,0.14183451440975467,0.12783154702660535,0.14183451440975467,0.12783154702660535,0.14183451440975467,0.12783154702660535,0.14183451440975467,0.12783154702660535,0.14183451440975467,0.12783154702660535,0.9137459628598317,0.9151343516500354,0.9137459628598317,0.9151343516500354,-0.026136432610335786,-0.07930129504073194,,,0.17025271965917224,0.12648985991159148,0.512262483165386,0.4795158293507877,0.23576499612164797,0.21103753813218903,0.5130205654029963,0.39995911565273456,0.17025271965917224,0.8957512808758902,0.2049326859072118,0.20322898718617877,0.3907507286534456,0.1881884532714282,0.2737918273036416,0.4349899301847646,0.07881954243936044,85,0.13363062065264072,,,,,,,0.5957304845296219,-0.0004364479260751731,0.0,0.14183451440975467,0.14183451440975467,0.22419680046987503,-0.002921068010091389,0.41833333333333333,0.14739663095418387,0.14739663095418387,0.1463476531986904,-0.07036207404637566,0.0010721046895730557,0.14739663095418387,0.14739663095418387,0.1542502677619363,0.06470634782647385,-0.0070132011011152795,0.0,0.0,0.0,0.0,,-1.4069632292914753,-1.4297020802062714,0.9330516573612997,0.9349290780141843,0.6987111111111111,0.5612896735576681,0.9971939820140338,0.9980034722222222,0.9975857519369205,0.9968229166666667,0.9973307833444153,0.9983680555555555,0.997143988172366,0.9966493055555555,0.9971412612355478,0.9981944444444445,0.9977348244829841,0.9986631944444444,0.9971903460982761,0.9993229166666666,0.9970071868419844,0.9943402777777778,0.9976112033472241,0.9977951388888889,0.5167804878048781,0.4776747967479675,0.49946341463414634,0.5490666666666667,0.5116666666666667,0.4519666666666667,0.375886524822695,0.7730496453900709,0.23270440251572327,0.4276729559748428,0.25666666666666665,0.25666666666666665,0.28375,0.29625,1.036290248977234
1010,0.11964862831052141,0.0672048376385798,0.11964862831052141,0.0672048376385798,0.11964862831052141,0.0672048376385798,0.11964862831052141,0.0672048376385798,0.11964862831052141,0.0672048376385798,0.8948485519228546,0.9188393493867693,0.8948485519228546,0.9188393493867693,0.07155074683236351,0.03762589289577254,,,0.1550827565124552,0.09121384536274417,0.5078648576417655,0.3941715591648228,0.2181363266300287,0.1453059922450172,0.446010807403891,0.3473136754384866,0.1550827565124552,0.8641616467331095,0.21292488464635273,0.2952435799508686,0.43825027729254806,0.14904523128837743,0.2442944984670874,0.40629322256348044,0.3151697241080456,79,0.12694953492138658,,,,,,,0.5987911654693414,8.828599987782742e-05,0.0,0.11964862831052141,0.11964862831052141,0.2332934643195906,-0.0021006467975236216,0.48964174454828663,-0.0046263607682203636,-0.0046263607682203636,0.0057365903897623055,-0.02166147148725299,-0.010363047093448444,-0.0046263607682203636,-0.0046263607682203636,0.004401146657288772,-0.0349728419251401,-0.0090275688494648,0.0,0.0,0.0,0.0,,-1.3255217221735272,-1.5142163333093133,0.914791713076409,0.916259328358209,0.6771555555555555,0.5081866785475607,0.9963563470792512,0.9950694444444445,0.9971062975435269,0.996875,0.9981269375042792,0.9961111111111111,0.9971616143250513,0.9976215277777778,0.9979650679058835,0.9982291666666666,0.9977945833988897,0.9968576388888889,0.9970337509448061,0.9975173611111111,0.9975089311664269,0.9979340277777777,0.9967671421945075,0.9961284722222222,0.5077175697865353,0.5262233169129721,0.5282758620689655,0.4832111111111111,0.5048555555555555,0.45361111111111113,0.373134328358209,0.7835820895522388,0.2289156626506024,0.4578313253012048,0.3233333333333333,0.3333333333333333,0.28125,0.29,1.012524560756468
1012,0.19840713804480278,0.03323463128551225,0.19840713804480278,0.03323463128551225,0.19840713804480278,0.03323463128551225,0.19840713804480278,0.03323463128551225,0.19840713804480278,0.03323463128551225,0.9100100013844228,0.9104090501257774,0.9100100013844228,0.9104090501257774,-0.036673349624177926,0.02444556393039324,,,0.17431772210769442,0.02026570940166965,0.5031237221953955,0.4185358944787412,0.2700568233155937,0.11247667523190094,0.43336162088661573,0.36264468582544107,0.17431772210769442,0.8148593420513158,0.17837926597371656,0.24376065601579056,0.45478207663953185,0.18170739036348327,0.2544354045744751,0.442938929237642,0.17299658885098723,90,0.1057171078544802,,,,,,,0.5950587648129562,-0.0012259622342451063,0.0,0.19840713804480278,0.19840713804480278,0.10692667443090874,-0.0028544776445135677,0.45644329896907215,0.07825705290073798,0.07825705290073798,0.0781228296231458,0.0020218534540534325,0.00013504892192572893,0.07825705290073798,0.07825705290073798,0.08988368277100107,-0.03490816057147397,-0.01170952643785425,0.0,0.0,0.0,0.0,,-1.326508738089512,-1.4966622999989347,0.92,0.9236293103448275,0.6768,0.5658501783590963,0.9970303844027485,0.9982465277777778,0.9955816813530255,0.9993229166666666,0.9977159233225396,0.9967013888888889,0.9972330223059652,0.9974131944444444,0.9973065857318545,0.9948958333333333,0.9966115693154766,0.9972916666666667,0.9965055116155747,0.9975868055555556,0.9974076790287822,0.9977256944444445,0.9970570116550642,0.9961111111111111,0.5096895424836602,0.4869362745098039,0.4590196078431373,0.4976888888888889,0.49894444444444447,0.5331777777777778,0.3793103448275862,0.7517241379310344,0.2129032258064516,0.4,0.33,0.33666666666666667,0.3025,0.29375,1.0066123836545902
1013,0.09108371287360631,0.043701569163021925,0.09108371287360631,0.043701569163021925,0.09108371287360631,0.043701569163021925,0.09108371287360631,0.043701569163021925,0.09108371287360631,0.043701569163021925,0.9102604172671133,0.9090743418351169,0.9102604172671133,0.9090743418351169,-0.023564450328174474,-0.015100490603080517,,,0.06684250423144524,0.04332337311081456,0.41183317842349776,0.39903829547306546,0.24014769110562006,0.10899984619067185,0.36319450495531364,0.3526212511456599,0.06684250423144524,0.8721146321572177,0.10076664967354276,0.17692740100423276,0.35316650172010955,0.18118938963871556,0.250977432405741,0.4497328193840935,0.08278403093367703,98,0.09254896246669943,0.550603915035402,0.550603915035402,0.550603915035402,0.550603915035402,0.9623073719283631,0.550603915035402,0.5871794528134733,0.00047118371113136925,0.0,0.09108371287360631,0.09108371287360631,0.12119409405291703,-0.006304766855176437,0.44513888888888886,0.08058280686711367,0.08058280686711367,0.08544032741562196,-0.07772556673591632,-0.004891235547282699,0.08058280686711367,0.08058280686711367,0.07681556772694463,-0.05195907523075954,0.0037907218059603925,0.0,0.0,0.0,0.0,0.0,-1.4377045941663176,-1.4784363462939394,0.9127157310057529,0.9134066901408451,0.736,0.5001487800039675,0.9965669806118302,0.9972916666666667,0.9974907666744065,0.9981770833333333,0.9962649474661868,0.99828125,0.9971542672839148,0.9982291666666666,0.9973374825854763,0.9958159722222222,0.9978571972775294,0.9973263888888889,0.9972875972310907,0.9966493055555555,0.9980322495211006,0.9991319444444444,0.9979225017414524,0.9983506944444445,0.46137755102040817,0.5123214285714286,0.474234693877551,0.4764,0.5085444444444445,0.47192222222222224,0.39436619718309857,0.7112676056338029,0.1518987341772152,0.41139240506329117,0.2866666666666667,0.2866666666666667,0.29125,0.295,1.009705929316398
1014,-0.004068451203585709,0.054277805182264736,-0.004068451203585709,0.054277805182264736,-0.004068451203585709,0.054277805182264736,-0.004068451203585709,0.054277805182264736,-0.004068451203585709,0.054277805182264736,0.8812064771762741,0.9009155344536888,0.8812064771762741,0.9009155344536888,-0.07779071833934272,-0.02078401892091315,,,0.03646786874721144,0.06582475103541548,0.42768833863868394,0.44308809989601255,0.17215883891267378,0.14935573695415705,0.35760204387808836,0.4020246117578607,0.03646786874721144,0.8311443232210872,0.1357707646485754,0.24329397440201195,0.408956473889419,0.18521087914615275,0.22259407952093913,0.41493811715348305,0.01681352015022389,98,0.05563699295299695,0.526655560183257,0.526655560183257,0.526655560183257,0.526655560183257,0.9413785922532278,0.526655560183257,0.5980661032541028,0.002392956207921059,0.0,-0.004068451203585709,-0.004068451203585709,0.10525674808876836,-0.007312962362537651,0.3995049504950495,0.11551519019508781,0.11551519019508781,0.10585653064760081,-0.05738991982546692,0.009778539747169232,0.11551519019508781,0.11551519019508781,0.137255182894203,0.06603182193859525,-0.022093828901936174,0.0,0.0,0.0,0.0,0.0,-1.3852093283599058,-1.422727915955991,0.9253808864265928,0.9250740131578947,0.7171555555555555,0.45628462603878117,0.9973797172210355,0.9973090277777777,0.997233693870862,0.99640625,0.9970980684682241,0.99765625,0.996885588670758,0.9949479166666667,0.9976387617400739,0.9977256944444445,0.9969086449892065,0.9973611111111111,0.9969552097107788,0.9973784722222222,0.997160908238113,0.9981770833333333,0.9975953616112297,0.9953819444444445,0.4683913764510779,0.4696683250414594,0.49774461028192374,0.5037888888888888,0.5195444444444445,0.5286666666666666,0.3157894736842105,0.7368421052631579,0.21621621621621623,0.43243243243243246,0.2966666666666667,0.29333333333333333,0.2925,0.2975,0.9303167932661912
1015,0.07221036661220127,0.11027766625386763,0.07221036661220127,0.11027766625386763,0.07221036661220127,0.11027766625386763,0.07221036661220127,0.11027766625386763,0.07221036661220127,0.11027766625386763,0.9042802474073423,0.9184026051848001,0.9042802474073423,0.9184026051848001,-0.04807874121991723,0.008683973447858168,,,0.12490705924948281,0.11019633305104497,0.45094412882448875,0.456164830548515,0.11888742271910574,0.17278478528190286,0.43579064030775433,0.4136598901329469,0.12490705924948281,0.8371612699863381,0.17669033002003287,0.23712617711185124,0.3486471907344376,0.18126804926586904,0.2432937264593411,0.4153453308556724,0.2163912932365915,85,0.15436160350430497,,,,,,,0.5924801926798837,-0.0019051670719292116,0.0,0.07221036661220127,0.07221036661220127,0.08026602900004802,-0.0018802152246405724,0.44537037037037036,0.2142444963785013,0.2142444963785013,0.19158003847807792,-0.0522362700677201,0.023638938882192928,0.2142444963785013,0.2142444963785013,0.20635912018125246,-0.016509398530204913,0.00825031218417377,0.0,0.0,0.0,0.0,,-1.422881086992472,-1.4679974118932786,0.9515337146975361,0.9521140939597316,0.6783111111111111,0.4591685059231566,0.9971054100313391,0.9966319444444445,0.9970109521221013,0.9975347222222222,0.9978311010840407,0.9990277777777777,0.9970981440383209,0.9959722222222223,0.997820656219077,0.9973784722222222,0.9971599049789763,0.9969270833333334,0.9970527315819565,0.9977256944444445,0.9976921389675659,0.9946701388888889,0.9972693489988143,0.9964930555555556,0.49229067930489734,0.4839968404423381,0.5323538704581359,0.49675555555555556,0.4698222222222222,0.49423333333333336,0.3221476510067114,0.7114093959731543,0.17880794701986755,0.3708609271523179,0.31,0.30666666666666664,0.2825,0.295,0.9900876247878195
1016,0.1091436619580828,0.09957556579066607,0.1091436619580828,0.09957556579066607,0.1091436619580828,0.09957556579066607,0.1091436619580828,0.09957556579066607,0.1091436619580828,0.09957556579066607,0.9395408253096882,0.915358281140194,0.9395408253096882,0.915358281140194,-0.013510394394752719,-0.007249647732135923,,,0.10624999140241415,0.11485820543778873,0.41316809608492283,0.4344868987254439,0.2319085860391124,0.1577669398411184,0.33461476036439564,0.3872312715831098,0.10624999140241415,0.8976564578154264,0.09366433463191504,0.2575908665649672,0.2983744122512699,0.17974375336173842,0.233160898546519,0.40787373123140425,-0.010732119245769396,94,0.15043549059369543,,,,,,,0.5901349579319894,0.0006573145540550981,0.0,0.1091436619580828,0.1091436619580828,0.19804711018233134,-0.007794602286750926,0.5157852564102564,0.11533448543934303,0.11533448543934303,0.08750889495551796,-0.024245793564212966,0.02811669862205521,0.11533448543934303,0.11533448543934303,0.11641234779140845,0.08972468747152655,-0.0010925315002208447,0.0,0.0,0.0,0.0,,-1.6245389270799602,-1.4597097054896864,0.9247162874953381,0.9154744525547446,0.6956,0.5421706004582023,0.9970895981552419,0.9974305555555556,0.9969312672427325,0.9963194444444444,0.9976593187891429,0.9966666666666667,0.9970828318769295,0.9986111111111111,0.9977585575377242,0.9972916666666667,0.9976318025906726,0.9998263888888889,0.9971685380688862,0.9987152777777778,0.9970372722696262,0.9987673611111111,0.998064844402664,0.99875,0.48986046511627906,0.5063565891472869,0.485937984496124,0.5033888888888889,0.5275333333333333,0.46923333333333334,0.29927007299270075,0.7518248175182481,0.1656441717791411,0.43558282208588955,0.24666666666666667,0.25333333333333335,0.30125,0.3025,1.0125320670215614
1017,0.018373958161586153,0.13416787016684473,0.018373958161586153,0.13416787016684473,0.018373958161586153,0.13416787016684473,0.018373958161586153,0.13416787016684473,0.018373958161586153,0.13416787016684473,0.903192671056692,0.9183659888125357,0.903192671056692,0.9183659888125357,0.030237872996614346,-0.01921349710616461,,,0.043731752415799956,0.14176228429450596,0.40270165919935885,0.43876650345534446,0.10559834355996714,0.19455771184064008,0.39711687324963785,0.40912628637828224,0.043731752415799956,0.8647189179467388,0.16189729627111304,0.22210500212918816,0.3910276206830102,0.18263014791021148,0.27567474600012076,0.44466832746696794,0.049032989255436164,97,0.0722315116827658,0.5132320119034967,0.5132320119034967,0.5132320119034967,0.5132320119034967,0.956105856095228,0.5132320119034967,0.5921184416330659,0.0004266298104197176,0.0,0.018373958161586153,0.018373958161586153,0.12251844370209938,-0.002234913682782009,0.513095238095238,0.2020796336566412,0.2020796336566412,0.2068387744074509,-0.04004334405636781,-0.004966780915724972,0.2020796336566412,0.2020796336566412,0.18576860700928682,0.08426205329319812,0.016948849150878048,0.0,0.0,0.0,0.0,0.0,-1.470906675966214,-1.443509806803748,0.9500588259158587,0.9517197452229299,0.7487111111111111,0.49048642946975535,0.9967897934596072,0.9957291666666667,0.9974114899872346,0.9970833333333333,0.9970327501011562,0.9979166666666667,0.9975182092596907,0.9982986111111111,0.9968433801581171,0.9979513888888889,0.9969959660115012,0.9963194444444444,0.9969133153409181,0.9955555555555555,0.9974496364505806,0.9927951388888889,0.9974787004226537,0.9981944444444445,0.4619815668202765,0.510015360983103,0.49772657450076807,0.4875333333333333,0.5066777777777778,0.5004888888888889,0.27388535031847133,0.7579617834394905,0.18181818181818182,0.45454545454545453,0.27,0.28,0.3125,0.3225,0.9881333132887313
1018,0.1720617587642607,0.048758868487821544,0.1720617587642607,0.048758868487821544,0.1720617587642607,0.048758868487821544,0.1720617587642607,0.048758868487821544,0.1720617587642607,0.048758868487821544,0.9059463036334308,0.9140798640831848,0.9059463036334308,0.9140798640831848,0.035017528122273794,-0.02458901685418446,,,0.11473187999865339,0.0764064278284858,0.4681561782601372,0.44710044140680144,0.29963104750653047,0.11063581156324098,0.39477940253856997,0.3989929930888174,0.11473187999865339,0.8610889015078576,0.11694316782142422,0.25604487989095537,0.318291231885807,0.21448850341543613,0.21922003577568716,0.42798138266335906,0.14668740763786262,97,0.12370548322132924,,,,,,,0.5950172676429442,0.00028753919945931686,0.0,0.1720617587642607,0.1720617587642607,0.1467032036186178,0.008372496292552609,0.4949468085106383,0.10436894925718014,0.10436894925718014,0.09509930306477306,0.003001730097858474,0.009362847196661209,0.10436894925718014,0.10436894925718014,0.09819704889669778,0.07922859898857822,0.006235890272014474,0.0,0.0,0.0,0.0,,-1.3306434771014153,-1.5029894784561995,0.9189676140714382,0.9170973154362416,0.7527111111111111,0.5156974911040043,0.9965495615654401,0.99875,0.9972293860372137,0.9977430555555555,0.9969818881500282,0.9962673611111111,0.9967611836120976,0.9981770833333333,0.998081323718608,0.9970833333333333,0.9970663553188658,0.9990277777777777,0.9967280325189517,0.99859375,0.9975377366159274,0.9996701388888889,0.9967398397576065,0.9949479166666667,0.4643589743589744,0.5139423076923076,0.494375,0.4927,0.5535111111111111,0.48515555555555556,0.31543624161073824,0.7449664429530202,0.2052980132450331,0.45695364238410596,0.28,0.29333333333333333,0.31,0.3125,1.0116828774683126
1019,-0.06230806847888786,0.11573361062129281,-0.06230806847888786,0.11573361062129281,-0.06230806847888786,0.11573361062129281,-0.06230806847888786,0.11573361062129281,-0.06230806847888786,0.11573361062129281,0.8983670803464522,0.8988294706478513,0.8983670803464522,0.8988294706478513,-0.03805876984130114,0.053185039863307984,,,-0.05237733761299436,0.11719560024163299,0.3579521393093051,0.4404723089604563,0.07101761930498977,0.16184269895903539,0.3274381836902596,0.3833151685636033,-0.05237733761299436,0.8196267581159441,0.10787996240724262,0.29602956277447945,0.39137404795140285,0.19084224439219988,0.28662039354889746,0.44984160968620523,0.2227664751830576,89,0.1001252346412941,,,,,,,0.6016236049740795,0.0035663825338895978,0.0,-0.06230806847888786,-0.06230806847888786,-0.1053236442574973,0.0037756662799875544,0.49241666666666667,0.09749042913451739,0.09749042913451739,0.09094507835015274,-0.11684150907500052,0.0066039988054131665,0.09749042913451739,0.09749042913451739,0.08837862041416532,0.018939678899688662,0.009191257822462731,0.0,0.0,0.0,0.0,,-1.5260798242179172,-1.3498381765622167,0.916201398320004,0.9105053191489362,0.726,0.48599165031940045,0.9978710011848341,0.9968923611111111,0.9976023364350942,0.9972395833333333,0.997522414316264,0.9985069444444444,0.9971047422263322,0.9980729166666666,0.9975174474049243,0.9967881944444444,0.9963023602762686,0.9988194444444445,0.997264134926598,0.9973958333333334,0.9971521536527569,0.9982638888888888,0.996949413362617,0.99515625,0.5259170653907496,0.44637958532695377,0.5073684210526316,0.4752222222222222,0.48202222222222224,0.48945555555555553,0.3829787234042553,0.7092198581560284,0.1761006289308176,0.4528301886792453,0.31666666666666665,0.30666666666666664,0.33375,0.3225,1.0206295307794706
1020,0.06986797584333208,0.034675889175235966,0.06986797584333208,0.034675889175235966,0.06986797584333208,0.034675889175235966,0.06986797584333208,0.034675889175235966,0.06986797584333208,0.034675889175235966,0.9160379540917132,0.8937865639005347,0.9160379540917132,0.8937865639005347,-0.07999429620283752,0.049422621228451515,,,0.10550073915238342,0.046830952051872536,0.4216828214492793,0.4106405939243038,0.14957660025763042,0.09451346398748896,0.35116328526702506,0.358931544468259,0.10550073915238342,0.879843276022498,0.13989474617195474,0.27287401988403137,0.4123036319235662,0.19780646593327322,0.2890221722399139,0.44073585263997206,0.09008988988766542,89,0.1874626130301185,,,,,,,0.5944611288046124,-0.0017937398334522093,0.0,0.06986797584333208,0.06986797584333208,0.03698639619168891,0.0060562429119181155,0.5101851851851852,0.032574700613333236,0.032574700613333236,0.03781383384035891,0.0029275194447750345,-0.005245642729595372,0.032574700613333236,0.032574700613333236,0.032628552687742535,-0.07199185600790206,-5.390937286513242e-05,0.0,0.0,0.0,0.0,,-1.4938429548994812,-1.4057516819890694,0.8932146270308334,0.9002925531914894,0.7211555555555555,0.5122478748553896,0.9971488363024794,0.9990104166666667,0.9970235654897588,0.9973090277777777,0.9973889007326748,0.998125,0.9967962559059494,0.9981944444444445,0.9974462975414122,0.9974305555555556,0.9966463864609127,0.9978125,0.9969556914857756,0.9972569444444445,0.9977765569567666,0.9978993055555555,0.9970909839635138,0.9983333333333333,0.4959009009009009,0.5081381381381381,0.4995795795795796,0.501,0.5034777777777778,0.5349777777777778,0.3475177304964539,0.7163120567375887,0.2138364779874214,0.46540880503144655,0.27,0.29333333333333333,0.27125,0.27625,1.0127438338147199
1021,-0.0027218111324325365,0.12583588169538637,-0.0027218111324325365,0.12583588169538637,-0.0027218111324325365,0.12583588169538637,-0.0027218111324325365,0.12583588169538637,-0.0027218111324325365,0.12583588169538637,0.9069262986913482,0.8990885291122357,0.9069262986913482,0.8990885291122357,-0.12297644011026801,0.011667670892165697,,,0.03920459303332935,0.1377449984016775,0.4574222785360363,0.46109894207280594,0.2328818788038374,0.1975600620160869,0.39901072243095587,0.4029778113187836,0.03920459303332935,0.8614310614036352,0.1883766759802098,0.21261798493815054,0.40554316473569496,0.18054319266040553,0.26914184329327584,0.425179727003575,0.18660607340081553,89,0.13613319219945852,,,,,,,0.597841596251971,-0.003027322440366953,0.0,-0.0027218111324325365,-0.0027218111324325365,-0.0875782504450785,-0.005504020112278374,0.4471122112211221,0.06018182287721755,0.06018182287721755,0.05702488339563491,0.05964009651221907,0.003167821566293666,0.06018182287721755,0.06018182287721755,0.06961602540071558,-0.04147843644410586,-0.009474177992365336,0.0,0.0,0.0,0.0,,-1.5126499631471422,-1.3409364068187986,0.9408861340679523,0.9443465909090909,0.7609777777777778,0.5306473829201102,0.9968535411963626,0.9974131944444444,0.9969189221585162,0.9980555555555556,0.9968875937808176,0.9989756944444445,0.9973102998625184,0.9950520833333333,0.9961111948552447,0.9972569444444445,0.9952703230364371,0.9960590277777778,0.9958496710066307,0.9980555555555556,0.9976916888084139,0.9980381944444444,0.9971041682179511,0.9972743055555555,0.5300813008130081,0.4626829268292683,0.5160813008130082,0.5152333333333333,0.5179,0.48272777777777776,0.3560606060606061,0.7272727272727273,0.25,0.48214285714285715,0.2633333333333333,0.26666666666666666,0.3175,0.315,1.0055545112377504
1022,0.11581751425950931,0.135330747800401,0.11581751425950931,0.135330747800401,0.11581751425950931,0.135330747800401,0.11581751425950931,0.135330747800401,0.11581751425950931,0.135330747800401,0.8759659667394114,0.9055949672680983,0.8759659667394114,0.9055949672680983,-0.061830601474526896,0.0008221521854944327,,,0.12618790288912984,0.14815335923976275,0.495194700662768,0.4617931846594031,0.17227708665672312,0.1870466313407865,0.45374510425861064,0.4082621553890865,0.12618790288912984,0.8393639228622081,0.22389744032181302,0.24271749586535407,0.47047269192481345,0.1847284903394023,0.23864927439428474,0.40890755678559776,-0.03171013011255681,80,0.13734757938880443,,,,,,,0.6017425945782551,-0.003472514713070121,0.0,0.11581751425950931,0.11581751425950931,0.1674832768702518,0.010728092769634323,0.5027210884353741,0.04207583220507672,0.04207583220507672,0.019029877310339657,0.00279633003793175,0.023068513677613114,0.04207583220507672,0.04207583220507672,0.039734683010473254,-0.07625027623398135,0.0023450741449901683,0.0,0.0,0.0,0.0,,-1.241821929781483,-1.3663114721001908,0.9210474269214034,0.9296383647798742,0.7556888888888889,0.5518175705074958,0.9970558951732816,0.9971527777777778,0.9970689660612141,0.9936284722222222,0.9969896392930723,0.99859375,0.9969607931955662,0.9980208333333334,0.9980217887194631,0.9984027777777778,0.9979677022866391,0.9977430555555555,0.9971636173186561,0.9980729166666666,0.9970644588584788,0.9951041666666667,0.9971825475701445,0.9980381944444444,0.5295226917057902,0.4805242566510172,0.48093896713615025,0.47954444444444444,0.4886,0.5086666666666667,0.3710691823899371,0.7987421383647799,0.24113475177304963,0.41134751773049644,0.32,0.33,0.29625,0.2975,1.002790785374562
